input file name,a,b
data_1_1,-0.3011909,1.0980066
data_1_2,-1.091167,1.066919
data_1_3,0.8884246,-0.4545198
data_1_4,0.09907068,1.28466968
data_1_5,0.07025422,-0.98854279
